{
	"credit": "Created by Stridey",
	"ambientocclusion": false,
	"textures": {
		"top": "block/cauldron_top",
		"side": "block/cauldron_side",
		"side_inner": "block/cauldron_side_inner",
		"bottom": "block/cauldron_bottom",
		"bottom_inner": "block/cauldron_bottom_inner",
		"particle": "block/cauldron_break"
	},
	"elements": [
		{
			"from": [0, 0, 0],
			"to": [16, 16, 2],
			"faces": {
				"north": {"uv": [0, 0, 16, 16], "texture": "#side", "cullface": "north"},
				"east": {"uv": [14, 0, 16, 16], "texture": "#side", "cullface": "east"},
				"south": {"uv": [0, 0, 16, 16], "texture": "#side_inner"},
				"west": {"uv": [0, 0, 2, 16], "texture": "#side", "cullface": "west"},
				"up": {"uv": [0, 0, 16, 2], "texture": "#top", "cullface": "up"},
				"down": {"uv": [0, 14, 16, 16], "texture": "#bottom", "cullface": "down"}
			}
		},
		{
			"from": [0, 0, 14],
			"to": [16, 16, 16],
			"faces": {
				"north": {"uv": [0, 0, 16, 16], "texture": "#side_inner"},
				"east": {"uv": [0, 0, 2, 16], "texture": "#side", "cullface": "east"},
				"south": {"uv": [0, 0, 16, 16], "texture": "#side", "cullface": "south"},
				"west": {"uv": [14, 0, 16, 16], "texture": "#side", "cullface": "west"},
				"up": {"uv": [0, 14, 16, 16], "texture": "#top", "cullface": "up"},
				"down": {"uv": [0, 0, 16, 2], "texture": "#bottom", "cullface": "down"}
			}
		},
		{
			"from": [14, 0, 2],
			"to": [16, 16, 14],
			"faces": {
				"east": {"uv": [1.875, 0, 13.875, 16], "texture": "#side", "cullface": "east"},
				"west": {"uv": [1.875, 0, 13.875, 16], "texture": "#side_inner"},
				"up": {"uv": [14, 2, 16, 14], "texture": "#top", "cullface": "up"},
				"down": {"uv": [14, 2, 16, 14], "texture": "#bottom", "cullface": "down"}
			}
		},
		{
			"from": [0, 0, 2],
			"to": [2, 16, 14],
			"faces": {
				"east": {"uv": [1.875, 0, 13.875, 16], "texture": "#side_inner"},
				"west": {"uv": [1.875, 0, 13.875, 16], "texture": "#side", "cullface": "west"},
				"up": {"uv": [0, 2, 2, 14], "texture": "#top", "cullface": "up"},
				"down": {"uv": [0, 2, 2, 14], "texture": "#bottom", "cullface": "down"}
			}
		},
		{
			"from": [2, 0, 2],
			"to": [14, 4, 14],
			"faces": {
				"up": {"uv": [2, 2, 14, 14], "texture": "#bottom_inner"},
				"down": {"uv": [2, 2, 14, 14], "texture": "#bottom", "cullface": "down"}
			}
		}
	]
}