{
	"credit": "Created by Stridey",
	"ambientocclusion": false,
	"textures": {
		"particle": "#main",
		"main": "#main",
		"sides": "#sides"
	},
	"elements": [
		{
			"from": [0, 0, 0],
			"to": [3, 16, 16],
			"faces": {
				"north": {"uv": [3.125, 0, 6.125, 16], "texture": "#sides", "cullface": "north"},
				"east": {"uv": [16, 0, 0, 16], "texture": "#main"},
				"south": {"uv": [9.375, 0, 12.375, 16], "texture": "#sides", "cullface": "west"},
				"west": {"uv": [0, 0, 16, 16], "texture": "#main", "cullface": "west"},
				"down": {"uv": [12.5, 0, 15.5, 16], "texture": "#sides", "cullface": "west"}
			}
		}
	]
}