{
	"credit": "Created by Stridey",
	"parent": "block/block",
	"ambientocclusion": false,
	"textures": {
		"particle": "block/dragon_egg",
		"all": "block/dragon_egg"
	},
	"elements": [
		{
			"from": [5, 14, 5],
			"to": [11, 16, 11],
			"faces": {
				"north": {"uv": [10, 0, 16, 2], "texture": "#all"},
				"east": {"uv": [10, 0, 16, 2], "texture": "#all"},
				"south": {"uv": [10, 0, 16, 2], "texture": "#all"},
				"west": {"uv": [10, 0, 16, 2], "texture": "#all"},
				"up": {"uv": [8.125, 5.625, 15.25, 12.75], "texture": "#all", "cullface": "up"}
			}
		},
		{
			"from": [3, 0, 3],
			"to": [13, 14, 13],
			"faces": {
				"north": {"uv": [3, 1, 13, 15], "texture": "#all"},
				"east": {"uv": [3, 1, 13, 15], "texture": "#all"},
				"south": {"uv": [3, 1, 13, 15], "texture": "#all"},
				"west": {"uv": [3, 1, 13, 15], "texture": "#all"},
				"up": {"uv": [0, 0, 1, 1], "texture": "#all"},
				"down": {"uv": [8.125, 5.5, 15.25, 12.625], "texture": "#all", "cullface": "down"}
			}
		},
		{
			"from": [1, 2, 1],
			"to": [15, 10, 15],
			"faces": {
				"north": {"uv": [1, 5, 15, 13], "texture": "#all"},
				"east": {"uv": [1, 5, 15, 13], "texture": "#all"},
				"south": {"uv": [1, 5, 15, 13], "texture": "#all"},
				"west": {"uv": [1, 5, 15, 13], "texture": "#all"},
				"up": {"uv": [0, 0, 1, 1], "texture": "#all"},
				"down": {"uv": [0, 0, 1, 1], "texture": "#all"}
			}
		}
	]
}