{
	"credit": "Created by Stridey",
	"ambientocclusion": false,
	"textures": {
		"base_top": "block/lever_base",
		"base_side": "block/gray_concrete",
		"lever": "block/lever",
		"particle": "block/cobblestone"
	},
	"elements": [
		{
			"from": [5, 0, 4],
			"to": [11, 3, 12],
			"faces": {
				"north": {"uv": [5, 0, 11, 3], "texture": "#base_side"},
				"east": {"uv": [4, 0, 12, 3], "texture": "#base_side"},
				"south": {"uv": [5, 0, 11, 3], "texture": "#base_side"},
				"west": {"uv": [4, 0, 12, 3], "texture": "#base_side"},
				"up": {"uv": [0, 0, 12, 16], "texture": "#base_top"},
				"down": {"uv": [5, 4, 11, 12], "texture": "#base_side", "cullface": "down"}
			}
		},
		{
			"from": [7, 1, 7],
			"to": [9, 11, 9],
			"rotation": {"angle": -45, "axis": "x", "origin": [8, 1, 8]},
			"faces": {
				"north": {"uv": [7, 6, 9, 16], "texture": "#lever"},
				"east": {"uv": [7, 6, 9, 16], "texture": "#lever"},
				"south": {"uv": [7, 6, 9, 16], "texture": "#lever"},
				"west": {"uv": [7, 6, 9, 16], "texture": "#lever"},
				"up": {"uv": [7, 6, 9, 8], "texture": "#lever"}
			}
		}
	]
}